{"epoch":2,"_wandb":{"runtime":217},"epoch_loss":0.01739577390253544,"learning_rate":1e-05,"Generated Samples":{"height":546,"_type":"image-file","sha256":"62e651c9cc5f9fa5910ec4ecd29a5b4b70f015cdbde0d837b2f15218e0ef3aa3","size":372929,"path":"media/images/Generated Samples_2_62e651c9cc5f9fa5910e.png","format":"png","width":274},"_timestamp":1.7391339684827676e+09,"_runtime":217.279996181,"_step":2}