{"epoch":2,"epoch_loss":0.016659079119563103,"_wandb":{"runtime":218},"learning_rate":1e-05,"Generated Samples":{"sha256":"9d3d5592a32f8c83d61965064ef200798a6ef71b468209b391a9e13ad241ab66","size":3057,"path":"media/images/Generated Samples_2_9d3d5592a32f8c83d619.png","format":"png","width":138,"height":70,"_type":"image-file"},"_timestamp":1.7391306569752839e+09,"_runtime":218.463607457,"_step":2}