{"epoch":2,"learning_rate":1e-05,"Generated Samples":{"sha256":"fcf4caa90e29959eeb7173cd76ee7c8c09ce20a34972f1679c9a85b10e598a5f","size":287196,"path":"media/images/Generated Samples_2_fcf4caa90e29959eeb71.png","format":"png","width":274,"height":546,"_type":"image-file"},"_timestamp":1.7391334894463205e+09,"_runtime":21.72208452,"_step":2,"_wandb":{"runtime":21}}