{"_runtime":23.61186931,"_wandb":{"runtime":23},"_step":2,"epoch":2,"learning_rate":1e-05,"Generated Samples":{"sha256":"f4e11a824bacc79f0f7374fa81491a80f76e2ac74f1b8ae73b26da15bbb43e8a","size":371391,"path":"media/images/Generated Samples_2_f4e11a824bacc79f0f73.png","format":"png","width":274,"height":546,"_type":"image-file"},"_timestamp":1.7391336006069348e+09}