{"_step":2,"_wandb":{"runtime":219},"epoch":2,"epoch_loss":0.018956614658236504,"learning_rate":1e-05,"Generated Samples":{"width":138,"height":70,"_type":"image-file","sha256":"f724979ca42e567b28f74884d246688f593ecf7b21e3a817f8532c0bfc83da27","size":3021,"path":"media/images/Generated Samples_2_f724979ca42e567b28f7.png","format":"png"},"_timestamp":1.7391323792086804e+09,"_runtime":219.429254826}